Назва оголошення,"Ціна оголошення, грн.",Розташування,Посилання
Щенки Французкий бульдога,"33 468, Договірна",Полтава - Сьогодні о 06:48,https://olx.ua/d/uk/obyavlenie/schenki-frantsuzkiy-buldoga-IDOhtF0.html
Французкие Бульдоги,11 156,Кам'янець-Подільський - 05 серпня 2022 р.,https://olx.ua/d/uk/obyavlenie/frantsuzkie-buldogi-IDO2lYb.html
"Щенки французкого бульдога, продам",3 000,Токмак - 01 серпня 2022 р.,https://olx.ua/d/uk/obyavlenie/schenki-frantsuzkogo-buldoga-prodam-IDPhsrV.html
Французкие бульдоги,15 000,"Київ, Голосіївський - 07 серпня 2022 р.",https://olx.ua/d/uk/obyavlenie/frantsuzkie-buldogi-IDPkIDx.html
Щенки французского бульдога французкий будьдог щенок,8 000,"Миколаїв, Iнгульський - 01 серпня 2022 р.",https://olx.ua/d/uk/obyavlenie/schenki-frantsuzskogo-buldoga-frantsuzkiy-buddog-schenok-IDPeENq.html
Щенки французкого бульдога.,13 015,Чернігів - 22 липня 2022 р.,https://olx.ua/d/uk/obyavlenie/schenki-frantsuzkogo-buldoga-IDP8JDX.html
Щенки французкого бульдога . Родились 13.06 .  Цена 3000 грн.,3 000,Токмак - 05 серпня 2022 р.,https://olx.ua/d/uk/obyavlenie/schenki-frantsuzkogo-buldoga-rodilis-13-06-tsena-3000-grn-IDPjNGl.html
Метис французкого бульдога и дворняги,150,Недогарки - 06 серпня 2022 р.,https://olx.ua/d/uk/obyavlenie/metis-frantsuzkogo-buldoga-i-dvornyagi-IDP4FE0.html
Дівчинка Французкій бульдог Флаффі,15 000,"Київ, Голосіївський - 18 липня 2022 р.",https://olx.ua/d/uk/obyavlenie/dvchinka-frantsuzky-buldog-flaff-IDOT4iL.html
Французкий бульдог,10 500,Олександрія - 14 липня 2022 р.,https://olx.ua/d/uk/obyavlenie/frantsuzkiy-buldog-IDP82Bj.html
Французики голубогенные,4 000,Велетенське - 01 серпня 2022 р.,https://olx.ua/d/uk/obyavlenie/frantsuziki-golubogennye-IDPhGc1.html
Девочка французкий бульдог,33 468,"Київ, Печерський - 21 липня 2022 р.",https://olx.ua/d/uk/obyavlenie/devochka-frantsuzkiy-buldog-IDOhINR.html
Французкий бульдог цуцення ізабалела,148 745,"Київ, Деснянський - 23 липня 2022 р.",https://olx.ua/d/uk/obyavlenie/frantsuzkiy-buldog-tsutsennya-zabalela-IDOShv1.html
Щенок французкого бульдога,7 000,Мерефа - 05 серпня 2022 р.,https://olx.ua/d/uk/obyavlenie/schenok-frantsuzkogo-buldoga-IDPk4zC.html
Голубые французкие бульдоги щенки,33 468,"Київ, Деснянський - 21 липня 2022 р.",https://olx.ua/d/uk/obyavlenie/golubye-frantsuzkie-buldogi-schenki-IDOUB7x.html
Щеночек французкого бульдога,7 000,Мерефа - 02 серпня 2022 р.,https://olx.ua/d/uk/obyavlenie/schenochek-frantsuzkogo-buldoga-IDPis5k.html
Французкий бульдог,7 000,"Дніпро, Індустріальний - 26 липня 2022 р.",https://olx.ua/d/uk/obyavlenie/frantsuzkiy-buldog-IDPeqfI.html
Французкий бульдог,29 749,"Одеса, Київський - 28 липня 2022 р.",https://olx.ua/d/uk/obyavlenie/frantsuzkiy-buldog-IDPfnuz.html
Французкий Бульдог,"5 000, Договірна","Київ, Оболонський - 14 липня 2022 р.",https://olx.ua/d/uk/obyavlenie/frantsuzkiy-buldog-IDP83Oz.html
Девочка французкий бульдог,"33 468, Договірна",Івано-Франківськ - 31 липня 2022 р.,https://olx.ua/d/uk/obyavlenie/devochka-frantsuzkiy-buldog-IDK8d81.html
Французкий бульдог,"18 593, Договірна","Київ, Оболонський - 01 серпня 2022 р.",https://olx.ua/d/uk/obyavlenie/frantsuzkiy-buldog-IDPhScV.html
Щеночек французкого бульдога,7 000,Мерефа - 04 серпня 2022 р.,https://olx.ua/d/uk/obyavlenie/schenochek-frantsuzkogo-buldoga-IDPjjpe.html
Французкий бульдог,"18 593, Договірна",Черкаси - 27 липня 2022 р.,https://olx.ua/d/uk/obyavlenie/frantsuzkiy-buldog-IDPeGKl.html
Французкий Бульдог,14 874,"Київ, Подільський - 18 липня 2022 р.",https://olx.ua/d/uk/obyavlenie/frantsuzkiy-buldog-IDP6R1b.html
Французкий бульдог,8 000,Фастів - 27 липня 2022 р.,https://olx.ua/d/uk/obyavlenie/frantsuzkiy-buldog-IDO9Qhm.html
Французкий бульдог  ( Тотти - девочка),"13 015, Договірна","Київ, Дарницький - 23 липня 2022 р.",https://olx.ua/d/uk/obyavlenie/frantsuzkiy-buldog-totti-devochka-IDNQl3X.html
Французкий Бульдог,16 734,"Київ, Печерський - 19 липня 2022 р.",https://olx.ua/d/uk/obyavlenie/frantsuzkiy-buldog-IDPaI5N.html
Мини куколка французкий бульдог,"17 990, Договірна",Інженерний - 11 липня 2022 р.,https://olx.ua/d/uk/obyavlenie/mini-kukolka-frantsuzkiy-buldog-IDP6oAF.html
"Французкий бульдог, девочка, течная, возраст 14 месяцев",18 593,Мелітополь - 25 липня 2022 р.,https://olx.ua/d/uk/obyavlenie/frantsuzkiy-buldog-devochka-technaya-vozrast-14-mesyatsev-IDPcoOS.html
Продажа французких бульдогов Мерль,"13 000, Договірна",Суми - 07 серпня 2022 р.,https://olx.ua/d/uk/obyavlenie/prodazha-frantsuzkih-buldogov-merl-IDOzYMx.html
Французкий бульдог,29 749,"Львів, Галицький - 21 липня 2022 р.",https://olx.ua/d/uk/obyavlenie/frantsuzkiy-buldog-IDOhBuU.html
Девочка французкий бульдог,"37 186, Договірна","Київ, Печерський - 31 липня 2022 р.",https://olx.ua/d/uk/obyavlenie/devochka-frantsuzkiy-buldog-IDOhxdd.html
Девочка французкий бульдог,29 749,"Київ, Дарницький - 13 липня 2022 р.",https://olx.ua/d/uk/obyavlenie/devochka-frantsuzkiy-buldog-IDK4XAQ.html
девочка французкий бульдог,"33 468, Договірна","Київ, Печерський - 30 липня 2022 р.",https://olx.ua/d/uk/obyavlenie/devochka-frantsuzkiy-buldog-IDK5FXF.html
Лиловый французкий бульдог,200,"Кривий Ріг, Металургійний - 30 липня 2022 р.",https://olx.ua/d/uk/obyavlenie/lilovyy-frantsuzkiy-buldog-IDPgLTx.html
Французкий бульдог,18 593,Нерубайське - 02 серпня 2022 р.,https://olx.ua/d/uk/obyavlenie/frantsuzkiy-buldog-IDGqJZD.html
Мальчик Бульдожка Киев,15 000,"Київ, Печерський - 04 серпня 2022 р.",https://olx.ua/d/uk/obyavlenie/malchik-buldozhka-kiev-IDPj4zF.html
Продам французкого бульдога,8 000,"Харків, Індустріальний - 30 липня 2022 р.",https://olx.ua/d/uk/obyavlenie/prodam-frantsuzkogo-buldoga-IDPgmvT.html
Мальчик французкого бульдога,31 608,"Одеса, Малиновський - 13 липня 2022 р.",https://olx.ua/d/uk/obyavlenie/malchik-frantsuzkogo-buldoga-IDOhKcr.html
"платинум щенок, кремовая девочка французкий бульдог,","37 186, Договірна","Львів, Франківський - 28 липня 2022 р.",https://olx.ua/d/uk/obyavlenie/platinum-schenok-kremovaya-devochka-frantsuzkiy-buldog-IDv72AI.html
Мальчик флаффи визуал,"81 810, Договірна","Київ, Дарницький - 25 липня 2022 р.",https://olx.ua/d/uk/obyavlenie/malchik-flaffi-vizual-IDPe0i7.html
Французкие Бульдоги,11 156,Кам'янець-Подільський - 05 серпня 2022 р.,https://olx.ua/d/uk/obyavlenie/frantsuzkie-buldogi-IDO2lYb.html
Щенки Французкий бульдога,"33 468, Договірна",Полтава - Сьогодні о 06:48,https://olx.ua/d/uk/obyavlenie/schenki-frantsuzkiy-buldoga-IDOhtF0.html
Щенок французкого бульдога.,"16 000, Договірна","Кривий Ріг, Металургійний - 07 серпня 2022 р.",https://olx.ua/d/uk/obyavlenie/schenok-frantsuzkogo-buldoga-IDPheVu.html
Кобель французкого бульдога.,"4 000, Договірна",Мелітополь - 12 липня 2022 р.,https://olx.ua/d/uk/obyavlenie/kobel-frantsuzkogo-buldoga-IDN8Ft6.html
открыт резерв на великолепную девочку французкого бульдога,37 186,"Київ, Голосіївський - 14 липня 2022 р.",https://olx.ua/d/uk/obyavlenie/otkryt-rezerv-na-velikolepnuyu-devochku-frantsuzkogo-buldoga-IDKUbEW.html
Чистокровная Французкий бульдок девочка Клипса,22 312,"Київ, Печерський - 29 липня 2022 р.",https://olx.ua/d/uk/obyavlenie/chistokrovnaya-frantsuzkiy-buldok-devochka-klipsa-IDOZGTv.html
Щенок французкого бульдога,7 000,Мерефа - 02 серпня 2022 р.,https://olx.ua/d/uk/obyavlenie/schenok-frantsuzkogo-buldoga-IDPis2m.html
Щенки французкого бульдога,33 468,"Київ, Печерський - 30 липня 2022 р.",https://olx.ua/d/uk/obyavlenie/schenki-frantsuzkogo-buldoga-IDOdwXR.html
Французкие красивые девушки,15 246,"Київ, Дарницький - 10 липня 2022 р.",https://olx.ua/d/uk/obyavlenie/frantsuzkie-krasivye-devushki-IDM6b5v.html
Девочка французкого бульдога,18 000,"Дніпро, Новокодацький - 07 серпня 2022 р.",https://olx.ua/d/uk/obyavlenie/devochka-frantsuzkogo-buldoga-IDPkRTf.html
Французкий бульдог,9 000,"Дніпро, Новокодацький - 15 липня 2022 р.",https://olx.ua/d/uk/obyavlenie/frantsuzkiy-buldog-IDOU0Wg.html
Французкие бульдоги Киев голубого окраса,29 749,"Київ, Деснянський - 29 липня 2022 р.",https://olx.ua/d/uk/obyavlenie/frantsuzkie-buldogi-kiev-golubogo-okrasa-IDPg2SQ.html
Голубогенная девочка,4 000,Херсон - 01 серпня 2022 р.,https://olx.ua/d/uk/obyavlenie/golubogennaya-devochka-IDOne4V.html
Голубая девочка французкий бульдог,18 593,"Київ, Дарницький - 11 липня 2022 р.",https://olx.ua/d/uk/obyavlenie/golubaya-devochka-frantsuzkiy-buldog-IDO94ep.html
Французкий Тигруля,"15 990, Договірна",Суми - 04 серпня 2022 р.,https://olx.ua/d/uk/obyavlenie/frantsuzkiy-tigrulya-IDPjpad.html
Французкая Девочка,33 468,Давидів - 26 липня 2022 р.,https://olx.ua/d/uk/obyavlenie/frantsuzkaya-devochka-IDPe72f.html
Мини девочка французкого бульдога,"18 000, Договірна","Дніпро, Новокодацький - 03 серпня 2022 р.",https://olx.ua/d/uk/obyavlenie/mini-devochka-frantsuzkogo-buldoga-IDPiYjI.html
"Французкий бульдог, мальчик",18 593,"Київ, Святошинський - 07 серпня 2022 р.",https://olx.ua/d/uk/obyavlenie/frantsuzkiy-buldog-malchik-IDPg01B.html
Щенки бульдожки привиты,17 887,"Київ, Святошинський - 18 липня 2022 р.",https://olx.ua/d/uk/obyavlenie/schenki-buldozhki-privity-IDGudVO.html
Французкий бульдожка мальчик готов к переезду.,11 000,"Запоріжжя, Олександрiвський - 20 липня 2022 р.",https://olx.ua/d/uk/obyavlenie/frantsuzkiy-buldozhka-malchik-gotov-k-pereezdu-IDK8cLp.html
Щенок Французского бульдога,14 000,"Дніпро, Індустріальний - 16 липня 2022 р.",https://olx.ua/d/uk/obyavlenie/schenok-frantsuzskogo-buldoga-IDP9hwr.html
Щеночки чистокровный французкий бульдог 2 месяца,18 593,"Київ, Дарницький - 06 серпня 2022 р.",https://olx.ua/d/uk/obyavlenie/schenochki-chistokrovnyy-frantsuzkiy-buldog-2-mesyatsa-IDNxzj9.html
Французкий бульдог,59 498,"Дніпро, Індустріальний - 27 липня 2022 р.",https://olx.ua/d/uk/obyavlenie/frantsuzkiy-buldog-IDPeFTn.html
Французкие бульдоги,29 749,"Львів, Галицький - 10 липня 2022 р.",https://olx.ua/d/uk/obyavlenie/frantsuzkie-buldogi-IDOQxNM.html
Французкий бульдог,29 749,"Львів, Галицький - 10 липня 2022 р.",https://olx.ua/d/uk/obyavlenie/frantsuzkiy-buldog-IDOQxJ8.html
Французкие бульдоги,37 186,"Львів, Галицький - 20 липня 2022 р.",https://olx.ua/d/uk/obyavlenie/frantsuzkie-buldogi-IDPbbre.html
Мальчик флаффи 6мес,"81 810, Договірна","Київ, Дарницький - 03 серпня 2022 р.",https://olx.ua/d/uk/obyavlenie/malchik-flaffi-6mes-IDPiTUl.html
Французкая девочка вип типаж,26 030,"Львів, Личаківський - 27 липня 2022 р.",https://olx.ua/d/uk/obyavlenie/frantsuzkaya-devochka-vip-tipazh-IDPeLKV.html
Парнишка Французкого бульдога продам голубой,37 186,"Львів, Сихівський - 07 серпня 2022 р.",https://olx.ua/d/uk/obyavlenie/parnishka-frantsuzkogo-buldoga-prodam-goluboy-IDG4E7k.html
Девочка французкий бульдог,29 749,Кременчук - 30 липня 2022 р.,https://olx.ua/d/uk/obyavlenie/devochka-frantsuzkiy-buldog-IDPgDYi.html
Девочка французкий бульдог,29 749,"Львів, Галицький - 22 липня 2022 р.",https://olx.ua/d/uk/obyavlenie/devochka-frantsuzkiy-buldog-IDKJWnF.html
Французкий бульдог,"24 171, Договірна","Львів, Сихівський - 17 липня 2022 р.",https://olx.ua/d/uk/obyavlenie/frantsuzkiy-buldog-IDP9NIx.html
Девочка Французкого бульдога,28 457,"Львів, Залізничний - 04 серпня 2022 р.",https://olx.ua/d/uk/obyavlenie/devochka-frantsuzkogo-buldoga-IDPjbqr.html
Французкая малышка,33 468,"Львів, Личаківський - 26 липня 2022 р.",https://olx.ua/d/uk/obyavlenie/frantsuzkaya-malyshka-IDPesci.html
Продам Французкого бульдога. З родословною. Можливо для розведення.,29 749,Коростень - 18 липня 2022 р.,https://olx.ua/d/uk/obyavlenie/prodam-frantsuzkogo-buldoga-z-rodoslovnoyu-mozhlivo-dlya-rozvedennya-IDLB5Hc.html
Малыши Французкий бульдог голубой,44 623,"Харків, Шевченківський  - 01 серпня 2022 р.",https://olx.ua/d/uk/obyavlenie/malyshi-frantsuzkiy-buldog-goluboy-IDKHN56.html
Французкий бульдог мальчик Джон окрас Блю-тан марле,24 171,"Київ, Солом'янський - 22 липня 2022 р.",https://olx.ua/d/uk/obyavlenie/frantsuzkiy-buldog-malchik-dzhon-okras-blyu-tan-marle-IDOFscq.html
Французкий бульдог,"15 209, Договірна","Київ, Святошинський - 19 липня 2022 р.",https://olx.ua/d/uk/obyavlenie/frantsuzkiy-buldog-IDLGFXx.html
Голубой мальчик флаффи 5мес,"81 438, Договірна","Київ, Дарницький - 26 липня 2022 р.",https://olx.ua/d/uk/obyavlenie/goluboy-malchik-flaffi-5mes-IDPeBxr.html
Бульдожка девчишка,14 000,"Київ, Святошинський - 14 липня 2022 р.",https://olx.ua/d/uk/obyavlenie/buldozhka-devchishka-IDEMXdP.html
толстенькие детки французкого бульдога,37 186,"Київ, Голосіївський - 03 серпня 2022 р.",https://olx.ua/d/uk/obyavlenie/tolstenkie-detki-frantsuzkogo-buldoga-IDLbDmU.html
Французкие Бульдоги,11 156,Кам'янець-Подільський - 05 серпня 2022 р.,https://olx.ua/d/uk/obyavlenie/frantsuzkie-buldogi-IDO2lYb.html
Щенки Французкий бульдога,"33 468, Договірна",Полтава - Сьогодні о 06:48,https://olx.ua/d/uk/obyavlenie/schenki-frantsuzkiy-buldoga-IDOhtF0.html
Девочка французкого бульдога,"29 749, Договірна","Одеса, Малиновський - 04 серпня 2022 р.",https://olx.ua/d/uk/obyavlenie/devochka-frantsuzkogo-buldoga-IDNWWHF.html
Французкий машышь Вип типаж,33 468,Давидів - 26 липня 2022 р.,https://olx.ua/d/uk/obyavlenie/frantsuzkiy-mashysh-vip-tipazh-IDPehlb.html
Французкий бульдог,29 749,Хоружі - 20 липня 2022 р.,https://olx.ua/d/uk/obyavlenie/frantsuzkiy-buldog-IDP8mGP.html
Cемья самая дружная,16 734,"Київ, Святошинський - 08 липня 2022 р.",https://olx.ua/d/uk/obyavlenie/cemya-samaya-druzhnaya-IDD1DSF.html
Французкий мальчик,26 560,"Львів, Франківський - 03 серпня 2022 р.",https://olx.ua/d/uk/obyavlenie/frantsuzkiy-malchik-IDPiw9G.html
"Французкие бульдоги, щенки","13 000, Договірна","Київ, Святошинський - 26 липня 2022 р.",https://olx.ua/d/uk/obyavlenie/frantsuzkie-buldogi-schenki-IDOtUfP.html
Подрощеный мальчик флаффи,"92 966, Договірна","Київ, Дарницький - 16 липня 2022 р.",https://olx.ua/d/uk/obyavlenie/podroschenyy-malchik-flaffi-IDP94Mr.html
Мерле девочка французкий бульдог,37 186,"Кропивницький, Подільський - 17 липня 2022 р.",https://olx.ua/d/uk/obyavlenie/merle-devochka-frantsuzkiy-buldog-IDP9vHZ.html
Девочка французкого бульдога,29 749,Черепашинці - 31 липня 2022 р.,https://olx.ua/d/uk/obyavlenie/devochka-frantsuzkogo-buldoga-IDOb8Xx.html
Щенки французкий бульдог,18 593,Червона Слобода - 02 серпня 2022 р.,https://olx.ua/d/uk/obyavlenie/schenki-frantsuzkiy-buldog-IDPhYzM.html
Щенки французкого бульдога,29 749,"Київ, Печерський - 20 липня 2022 р.",https://olx.ua/d/uk/obyavlenie/schenki-frantsuzkogo-buldoga-IDPb6qP.html
Асти и Арни Мальчики щенки Французкого бульдога,74 372,"Київ, Солом'янський - 20 липня 2022 р.",https://olx.ua/d/uk/obyavlenie/asti-i-arni-malchiki-schenki-frantsuzkogo-buldoga-IDNVf0e.html
Сестрички премудрые,12 900,"Київ, Святошинський - 06 серпня 2022 р.",https://olx.ua/d/uk/obyavlenie/sestrichki-premudrye-IDOr7qn.html
Французкий Бульдог,29 749,"Львів, Галицький - 23 липня 2022 р.",https://olx.ua/d/uk/obyavlenie/frantsuzkiy-buldog-IDPcFX7.html
Французкая Девочка,26 560,"Львів, Франківський - 04 серпня 2022 р.",https://olx.ua/d/uk/obyavlenie/frantsuzkaya-devochka-IDPj9Wn.html
Французкие бульдоги,33 468,"Львів, Галицький - 20 липня 2022 р.",https://olx.ua/d/uk/obyavlenie/frantsuzkie-buldogi-IDPbtH0.html
Блуе мерл голубой мрамор французкий бульдог щенок,"37 186, Договірна",Дрогобич - 28 липня 2022 р.,https://olx.ua/d/uk/obyavlenie/blue-merl-goluboy-mramor-frantsuzkiy-buldog-schenok-IDDvy7S.html
Красиые девочки бульдожки,13 200,"Київ, Святошинський - 02 серпня 2022 р.",https://olx.ua/d/uk/obyavlenie/krasiye-devochki-buldozhki-IDGuKNe.html
Девочка французкого бульдога,33 468,"Львів, Галицький - 13 липня 2022 р.",https://olx.ua/d/uk/obyavlenie/devochka-frantsuzkogo-buldoga-IDOhIvp.html
Намордник для французких бульдогов,250,"Дніпро, Новокодацький - 06 серпня 2022 р.",https://olx.ua/d/uk/obyavlenie/namordnik-dlya-frantsuzkih-buldogov-IDPk99Y.html
Французкие бульдожки помощники,13 090,"Київ, Святошинський - 03 серпня 2022 р.",https://olx.ua/d/uk/obyavlenie/frantsuzkie-buldozhki-pomoschniki-IDLIfZN.html
Французкий бульдог,29 749,"Київ, Печерський - 30 липня 2022 р.",https://olx.ua/d/uk/obyavlenie/frantsuzkiy-buldog-IDOhwrQ.html
Девочка Голубое Мэрле Француз,25 000,Слов'янськ - 11 липня 2022 р.,https://olx.ua/d/uk/obyavlenie/devochka-goluboe-merle-frantsuz-IDMH9Uu.html
Французкий бульдог,37 186,Хоружі - 02 серпня 2022 р.,https://olx.ua/d/uk/obyavlenie/frantsuzkiy-buldog-IDPeFHP.html
Французкие мальчики,29 749,"Львів, Галицький - 23 липня 2022 р.",https://olx.ua/d/uk/obyavlenie/frantsuzkie-malchiki-IDPcDr2.html
Элитная девочка Киара редкий окрас Лилак Марле Тан,48 342,"Київ, Солом'янський - 22 липня 2022 р.",https://olx.ua/d/uk/obyavlenie/elitnaya-devochka-kiara-redkiy-okras-lilak-marle-tan-IDOFWXQ.html
Обаятельные и привлекательные,"14 912, Договірна","Київ, Святошинський - 07 серпня 2022 р.",https://olx.ua/d/uk/obyavlenie/obayatelnye-i-privlekatelnye-IDImJbK.html
французкий бульдог премиум класса,"18 593, Договірна",Луцьк - 24 липня 2022 р.,https://olx.ua/d/uk/obyavlenie/frantsuzkiy-buldog-premium-klassa-IDMELps.html
Девочка Французкого бульдога в окрасе Мерле,55 779,Полтава - 18 липня 2022 р.,https://olx.ua/d/uk/obyavlenie/devochka-frantsuzkogo-buldoga-v-okrase-merle-IDJkPxP.html
Замечательный мальчики французского бульдога,55 779,"Київ, Печерський - 02 серпня 2022 р.",https://olx.ua/d/uk/obyavlenie/zamechatelnyy-malchiki-frantsuzskogo-buldoga-IDOAzXB.html
Чудесные  веселые  девочки,17 961,"Київ, Святошинський - 24 липня 2022 р.",https://olx.ua/d/uk/obyavlenie/chudesnye-veselye-devochki-IDICCMN.html
"Бантики красивые, веселые","13 350, Договірна","Київ, Святошинський - 04 серпня 2022 р.",https://olx.ua/d/uk/obyavlenie/bantiki-krasivye-veselye-IDElJ5C.html
Девченки  бульдожки,"13 800, Договірна","Київ, Святошинський - 05 серпня 2022 р.",https://olx.ua/d/uk/obyavlenie/devchenki-buldozhki-IDBGZkQ.html
Девочка Мэрле Француз,25 000,Верхівцеве - 31 липня 2022 р.,https://olx.ua/d/uk/obyavlenie/devochka-merle-frantsuz-IDP0Qlp.html
Девочка Мэрле Француз,30 000,Слов'янськ - 12 липня 2022 р.,https://olx.ua/d/uk/obyavlenie/devochka-merle-frantsuz-IDOBCfy.html
Девочка Голубое Мэрле,25 000,Слов'янськ - 11 липня 2022 р.,https://olx.ua/d/uk/obyavlenie/devochka-goluboe-merle-IDO9cK7.html
Мэрле Девочка Француз,25 000,Слов'янськ - 19 липня 2022 р.,https://olx.ua/d/uk/obyavlenie/merle-devochka-frantsuz-IDNmW0S.html
Девушка и девушка,"18 333, Договірна","Київ, Святошинський - 22 липня 2022 р.",https://olx.ua/d/uk/obyavlenie/devushka-i-devushka-IDMtKsa.html
